Id,Title,Dict,Score
19,Opec reduces estimate on oil demand growth,"{""oil"": ""negative"", ""Opec"": ""neutral""}",7
20,Oil prices mixed ahead of US supply report,"{""Oil"": ""neutral""}",8
89,How will Shell-BG deal impact global energy market,"{""Shell-BG"": ""neutral"", ""energy market"": ""neutral""}",8
106,Sebi considers proposal on cross-currency futures pairs,"{""Sebi"": ""neutral""}",7
161,"RBI, bourses weigh dollar delivery in futures trade","{""RBI"": ""neutral"", ""bourses"": ""neutral""}",8
196,Britain FTSE regains traction as oil steadies,"{""oil"": ""neutral"", ""FTSE"": ""neutral""}",7
197,Experts' call on oil marketing companies,"{""oil marketing companies"": ""neutral""}",6
198,Oil ends steady in thin trade,"{""Oil"": ""neutral""}",6
199,Oil prices mixed in Asian trade,"{""Oil"": ""neutral""}",6
200,Oil takes breather in Asian trade,"{""Oil"": ""neutral""}",6
201,Oil prices turn mixed in Asian trade,"{""Oil"": ""neutral""}",7
229,NCDEX mulls relaunch of Brent contract soon,"{""NCDEX"": ""neutral"", ""Brent"": ""neutral""}",7
308,Kirloskar Engines India turns Kirloskar Oil Engines India,"{""Kirloskar Engines India"": ""neutral"", ""Kirloskar Oil Engines India"": ""neutral""}",8
340,Jignesh Shah quits Indian Energy Exchange board,"{""Indian Energy Exchange"": ""neutral""}",7
410,Ravi Ruia quits as Essar Energy chief,"{""Essar Energy"": ""neutral""}",7
427,Crude reserves filling to begin after March 2016,"{""Crude"": ""neutral""}",8
430,Commodities futures now part of supply chain,"{""Commodities futures"": ""neutral""}",7
470,Record open interest points to Brent price support,"{""Brent"": ""neutral""}",8
477,BGR Energy can test 370 levels: Mitesh Thacker,"{""BGR Energy"": ""neutral""}",8
548,China slaps restrictions on 7 securities and futures institutions,"{""China"": ""neutral""}",9
592,IEA says oil supply boost may defer market tightening,"{""IEA"": ""neutral""}",9
624,Mideast crude market rides out Iraq conflict for now,"{""Mideast crude market"": ""neutral""}",9
633,NCDEX seeks permission to do futures trading in sugar,"{""NCDEX"": ""neutral""}",9
658,OIL India is more sideways type stock: Ashwani Gujral,"{""OIL India"": ""neutral""}",9
659,Oil marketing companies to procure Rs 97-crore litre ethanol,"{""Oil marketing companies"": ""neutral""}",9
660,Oil steady around $114 as Iraq exports in focus,"{""Oil"": ""neutral""}",9
816,China sets stage for opening commodity futures to foreign investors,"{""China"": ""neutral"", ""commodity futures"": ""neutral""}",10
931,Nishi Vasudeva takes over as Hindustan Petroleum Corp Ltd chief,"{""Hindustan Petroleum Corp Ltd"": ""neutral""}",10
938,Oil Minister Dharmendra Pradhan approves appointment of new IOC Chairman,"{""IOC"": ""neutral""}",10
1018,What's happening in the oil market right now is 'unprecedented',"{""oil"": ""neutral""}",10
1043,Chennai Petroleum Corporation Ltd reports Rs 510.11 crore Q1 net profit,"{""Chennai Petroleum Corporation Ltd"": ""neutral""}",11
1054,Currency futures volumes key to RBI plan on FIIs forex hedging,"{""Currency futures"": ""neutral"", ""RBI"": ""neutral""}",11
1062,Dubai commodity exchange in talks with producers to launch tea futures,"{""Dubai commodity exchange"": ""neutral"", ""tea futures"": ""neutral""}",11
1152,OIL director B N Talukdar made new directorate general of hydrocarbons,"{""OIL"": ""neutral""}",11
1169,RS Butola is the new chairman of Petroleum Federation of India,"{""Petroleum Federation of India"": ""neutral""}",11
1249,Indian Energy Exchange in talks with FTIL for buying out technology solutions,"{""Indian Energy Exchange"": ""neutral"", ""FTIL"": ""neutral""}",12
1253,IOT Infrastructure & Energy Services raises Rs 3000 crore from domestic investors,"{""IOT Infrastructure & Energy Services"": ""neutral""}",12
1254,IOT Infrastructure & Energy Services raises Rs 3000 crore from domestic investors,"{""IOT Infrastructure & Energy Services"": ""neutral""}",12
1258,Less than 50% chance of oil falling below $20 a barrel: Goldman,"{""oil"": ""neutral""}",12
1276,Ravi Ruia steps down as Chairman of Essar Energy amid CBI charges,"{""Essar Energy"": ""neutral"", ""CBI"": ""neutral""}",12
1321,Energy Development Company seeks shareholders' nod to issue shares worth Rs 44 crore,"{""Energy Development Company"": ""neutral""}",13
1434,"A $25 fall in crude is like a $10-billion stimulus for Indian economy, say experts; top stock bets","{""crude"": ""neutral""}",18
1543,Selan Oil Exploration shares rally on buy-back plans,"{""Selan Oil Exploration"": ""positive""}",8
1600,Take oil-ONGC mix in your portfolio: Rajesh Jain,"{""oil"": ""positive"", ""ONGC"": ""positive""}",8
1601,Oil&Gas sector gains on fuel price hike hopes,"{""Oil&Gas sector"": ""positive""}",8
1602,State-run oil retailers gain on weak crude prices,"{""oil retailers"": ""positive"", ""crude"": ""negative""}",8
1603,"OPEC Secretary-General sees ""improvement"" in oil market","{""oil market"": ""positive"", ""OPEC"": ""neutral""}",7
1604,Oil India raises $1000 million in two tranches,"{""Oil India"": ""positive""}",8
1605,Driving season boosts oil,"{""oil"": ""positive""}",4
1624,MRPL surges on Colombian crude buy plan,"{""MRPL"": ""positive""}",7
1663,Kirloskar Oil to sell bearings operations; stocks up,"{""Kirloskar Oil"": ""positive""}",8
1705,HPCL to gain most from diesel deregulation: Jefferies,"{""HPCL"": ""positive""}",8
1752,Fuel price hike good for market: Deven Choksey,"{""Fuel"": ""positive""}",8
1764,Stabilising oil lifts European shares and bond yields,"{""European shares"": ""positive"", ""oil"": ""positive""}",8
1800,Crude oil futures up on global cues,"{""Crude oil futures"": ""positive""}",7
1801,Crude oil futures up on overseas cues,"{""Crude oil futures"": ""positive""}",7
1802,Bets on crude surge ahead of OPEC meet,"{""crude"": ""positive"", ""OPEC"": ""neutral""}",8
1803,Heres how to double your money on crude,"{""crude"": ""positive""}",8
1831,Brent oil bounces higher after 3-day losing run,"{""Brent oil"": ""positive""}",8
1832,Brent holds above $109 on Ukraine tensions,"{""Brent"": ""positive""}",7
1833,Brent climbs above $108 on renewed Ukraine tensions,"{""Brent"": ""positive""}",8
1878,Oil prices rebound in Asia,"{""Oil"": ""positive""}",5
1890,Oil rebounds in Asia on bargain hunting,"{""Oil"": ""positive""}",7
1935,"Brent climbs above $58 on contract covering, geopolitical tension","{""Brent"": ""positive""}",9
1936,Brent edges above $95 on relief over China PMI,"{""Brent"": ""positive""}",9
1984,"Financials, energy shares lead gains in Hong Kong stocks","{""Financials"": ""positive"", ""energy"": ""positive""}",9
2014,Initiate fresh long trades on Essar Oil: Devang Visaria,"{""Essar Oil"": ""positive""}",9
2028,JSW Energy closes up a paltry 0.75% on BSE,"{""JSW Energy"": ""positive""}",9
2063,Oil near 9-month high as Iraq battles for refinery,"{""Oil"": ""positive""}",9
2064,ONGC biggest beneficiary from diesel subsidy cut: Anish Damania,"{""ONGC"": ""positive""}",9
2194,"Brent holds above $107 on US crude draw, China data","{""Brent"": ""positive""}",10
2209,Chennai Petroleum Q2 profit soars 2-fold to Rs 120.34 crore,"{""Chennai Petroleum"": ""positive""}",10
2269,Goldman Sachs raises 2015 oil price forecasts; cuts 2016 outlook,"{""oil"": ""positive"", ""Goldman Sachs"": ""neutral""}",10
2364,Oil companies will be investors preferred choice soon: Sudip Bandyopadhyay,"{""Oil companies"": ""positive""}",10
2365,Oil stocks on fire; what to expect from OPEC meet,"{""Oil"": ""positive""}",10
2480,XL Energy bags Rs 130 mn solar power contract;stk up,"{""XL Energy"": ""positive""}",10
2527,"Calculus: Refining margins, paradip unit may boost Indian Oil Corporation's stock","{""Indian Oil Corporation"": ""positive""}",11
2618,"Low oil price, strong rupee to reduce fiscal deficit: Deutsche Bank","{""Deutsche Bank"": ""neutral""}",11
2650,OIL net rises 30 pc in Q4 to Rs 562 cr,"{""OIL"": ""positive""}",11
2651,"Oil, copper and gold retreat as dollar strengthens over yuan devaluation","{""dollar"": ""positive"", ""Oil"": ""negative"", ""copper"": ""negative"", ""gold"": ""negative"", ""yuan"": ""negative""}",11
2687,Russia says oil price of $60-70 per barrel comfortable for market,"{""oil"": ""positive""}",11
2708,State-run oil companies settle 6 per cent higher on Iran deal,"{""State-run oil companies"": ""positive""}",11
2775,Bermaco Energy System buys Core Projects shares at Rs 340 per share,"{""Core Projects"": ""positive"", ""Bermaco Energy System"": ""neutral""}",12
2776,BGR Energy net rises 60 pc to Rs 323 cr in FY11,"{""BGR Energy"": ""positive""}",12
2927,"Tax sops to oil companies will be helpful: Ashith Kampani, JM Financial","{""JM Financial"": ""neutral""}",12
2958,Bond yields end up tracking oil prices; biggest weekly rise in 2-1/2 months,"{""Bond"": ""positive""}",13
3008,"Like it or not, China's crude oil futures will be a global benchmark","{""crude oil futures"": ""positive""}",13
3226,"Brent steady above $108 as Russia, Libya support","{""Brent"": ""positive""}",8
3248,US crude prices fall sharply as inventory grows,"{""US crude"": ""negative""}",8
3268,Suzlon Energy reports biggest quarterly loss,"{""Suzlon Energy"": ""negative""}",6
3336,"Investors take cover amid Russia crisis, oil slide","{""oil"": ""negative"", ""Russia"": ""negative""}",8
3337,Oversupply in oil market to continue,"{""oil market"": ""negative""}",6
3338,EU crisis push oil prices down,"{""oil"": ""negative""}",6
3339,Oil prices extend losses in Asian trade,"{""Oil"": ""negative""}",7
3340,Oil prices hit new multi-year lows in Asia,"{""Oil"": ""negative""}",8
3341,"Oil slips below $105 on oversupply, weak demand","{""Oil"": ""negative""}",8
3344,"NTPC: Execution delays, fuel availability key concerns","{""NTPC"": ""negative""}",7
3499,Crude oil futures down on weak Asian cues,"{""Crude oil futures"": ""negative""}",8
3500,Crude oil: A tale of two crashes,"{""Crude oil"": ""negative""}",7
3501,Crude oil plunge sends global equity markets tumbling,"{""Crude oil"": ""negative""}",8
3545,Cairn India falls 2.2% after Brent crude drops,"{""Cairn India"": ""negative"", ""Brent crude"": ""negative""}",8
3549,"Brent crude near bearish territory, down over 19%","{""Brent crude"": ""negative""}",8
3550,Morgan Stanley slashes Brent price forecasts,"{""Brent"": ""negative"", ""Morgan Stanley"": ""neutral""}",6
3551,Brent drops below $97 on rising supply,"{""Brent"": ""negative""}",7
3552,Brent slips below $110 after Ukraine election,"{""Brent"": ""negative""}",7
3553,Brent dips toward $107 as ample supplies weigh,"{""Brent"": ""negative""}",8
3554,Brent falls below $109 as Libya restarts oilfield,"{""Brent"": ""negative""}",8
3555,Brent hovers below $103 as ample supply weighs,"{""Brent"": ""negative""}",8
3567,BGR Energy is a short sale: Deepak Mohini,"{""BGR Energy"": ""negative""}",8
3583,"Fraud, financial distress fuel Asian corporate blow-ups: CLSA","{""Asian corporate"": ""negative"", ""CLSA"": ""neutral""}",8
3667,Brent crude falls below $84 on global growth concerns,"{""Brent crude"": ""negative""}",9
3668,Brent falls below $60 for first time since 2009,"{""Brent"": ""negative""}",9
3682,"Chennai Petroleum shuts refinery due to flooding, shares down","{""Chennai Petroleum"": ""negative""}",9
3692,Crude oil futures down 0.23% on weak Asian trend,"{""Crude oil futures"": ""negative""}",9
3693,Crude oil futures plunge 2.57% on weak Asian cues,"{""Crude oil futures"": ""negative""}",9
3696,"Crudes slide continues, oil companies' shares fall in sync","{""Crudes"": ""negative""}",9
3758,International Energy Agency sees low oil prices until 2020,"{""oil"": ""negative"", ""International Energy Agency"": ""neutral""}",9
3793,"Oil prices tumble to $45, bring cheer to customers","{""Oil"": ""negative""}",9
3794,"Oil,pricey inputs make it a sticky affair for Pidilite","{""Pidilite"": ""negative""}",9
3896,World oil prices sink further on mounting US supply,"{""oil"": ""negative""}",9
3910,Benchmark Brent crude bears the scars of more U.S. oil,"{""Brent"": ""negative""}",10
3914,"Brent falls below $86, heads for worst month since 2012","{""Brent"": ""negative""}",10
3915,Brent falls towards $57 as demand concerns outweigh supply disruptions,"{""Brent"": ""negative""}",10
3916,Brent holds near $106 after ample supply pulls down prices,"{""Brent"": ""negative""}",10
4042,Oil prices edge lower as Iran talks extend beyond deadline,"{""Oil"": ""negative""}",10
4043,Oil's rebound could take a detour in 2016: Morgan Stanley,"{""Morgan Stanley"": ""neutral"", ""Oil"": ""neutral""}",10
4044,ONGC slips on buzz that govt increased fuel subsidy burden,"{""ONGC"": ""negative""}",10
4109,Wall Street dips in volatile trade; oil prices fall further,"{""Wall Street"": ""negative""}",10
4110,"Wall Street ends down as energy shares decline, offset ECB","{""Wall Street"": ""negative"", ""energy"": ""negative""}",10
4149,"Brent crude holds above $97, but eyes worst quarter since 2012","{""Brent crude"": ""negative""}",11
4150,"Brent crude slips back towards $97, set for third monthly drop","{""Brent crude"": ""negative""}",11
4151,"Brent falls below $113, set for biggest weekly drop since January","{""Brent"": ""negative""}",11
4152,Brent slumps below $89 to lowest since 2010 as rout extends,"{""Brent"": ""negative""}",11
4177,Crude oil remains down in futures trade on weak Asian cues,"{""Crude oil"": ""negative""}",11
4208,Fuel cost spike lands Jet Airways in the red in Q4,"{""Jet Airways"": ""negative""}",11
4224,Hedge fund big bets on energy companies pummeled in third quarter,"{""energy companies"": ""negative""}",11
4236,Indian Oil profit drops 35 per cent as refining margins shrink,"{""Indian Oil"": ""negative""}",11
4245,JSW Energy December quarter profit after tax drops 34 per cent,"{""JSW Energy"": ""negative""}",11
4257,"Mexico ""very unlikely"" to reopen $1.1 billion oil hedge program: Source","{""oil"": ""negative""}",11
4266,OPEC price war in Asia intensifies as oil falls below $50,"{""oil"": ""negative""}",11
4284,Q1 earnings: Loss widens for Suzlon Energy on high interest cost,"{""Suzlon Energy"": ""negative""}",11
4293,"Refinery margins reasonable, but inventory losses hurting oil sector: Prashasta Seth","{""oil sector"": ""negative""}",11
4297,Rouble down in line with oil ahead of US jobs data,"{""Rouble"": ""neutral"", ""oil"": ""neutral""}",11
4315,Sell Oil India with a target of Rs 515: Sandeep Wagle,"{""Oil India"": ""negative""}",11
4358,WTI crude falls to lowest since June on US supply surge,"{""WTI"": ""negative""}",11
4361,You think the stock market is crazy? Look at oil prices,"{""oil"": ""negative""}",11
4370,"As global oil futures tumble, US cash crude traders ask: What glut?","{""global oil futures"": ""negative""}",12
4379,"Brent holds above $109 on outlook for US oil stocks, Ukraine crisis","{""Brent"": ""positive""}",12
4380,"Brent holds near $102, heads for weekly drop as firm dollar hurts","{""Brent"": ""positive""}",12
4381,"Brent steady below $60, heads for 4th weekly decline as oversupply persists","{""Brent"": ""negative""}",12
4432,"Kirloskar Oil Engines is still to make a comeback: Deepak Mohoni, trendwatchindia.com","{""Kirloskar Oil Engines"": ""negative"", ""trendwatchindia.com"": ""neutral""}",12
4456,OIL India September quarter Net drops 5.3 pc to Rs 903.64 crore,"{""OIL India"": ""negative""}",12
4457,"Oil prices dip as demand stalls, but U.S. supported by rig cut","{""Oil"": ""negative""}",12
4459,"OMCs crack over 5% as government hikes excise duty on petrol, diesel","{""OMCs"": ""negative""}",12
4491,Sell Oil India Ltd with a target of Rs 540: Prakash Gaba,"{""Oil India Ltd"": ""negative""}",12
4508,"Surge in crude will hit Indin stocks markets: Gautam Shah, JM Financial","{""Indin stocks markets"": ""negative"", ""JM Financial"": ""neutral""}",12
4509,Suzlon Energy slips in red on stake sale talks in Senvion SE,"{""Suzlon Energy"": ""negative""}",12
4542,Brent slips below $111 as Libyan PM Abdullah al-Thinni declares oil crisis over,"{""Brent"": ""negative""}",13
4558,Don't expect performance from oil and gas stocks ahead of polls: BP Singh,"{""oil and gas stocks"": ""negative""}",13
4611,Spike in brent prices may cause sell off in oil stocks: Mayuresh Joshi,"{""brent"": ""positive"", ""oil stocks"": ""negative""}",13
4648,Nalco Q1 net profit dips 41% at Rs 223 crore on higher fuel costs,"{""Nalco"": ""negative""}",14
4664,"BGR Energy: Margin pressure, high working capital need may co keep in a tight spot","{""BGR Energy"": ""negative""}",15
4690,InterGlobe may slip into losses if fuel cost exceeds 44% of top line: Daljeet Singh Kohli,"{""InterGlobe"": ""negative""}",16
4707,"Spike in oil prices is a big risk and makes the foreign flows a lot more nervous: IV Subramaniam, Quantum AMC","{""oil"": ""negative"", ""Quantum AMC"": ""neutral""}",21
4720,"ONGC, Oil India top pick in oil & gas space; can rally up to 46% in one year: Macquarie","{""ONGC"": ""positive"", ""Oil India"": ""positive"", ""Macquarie"": ""neutral""}",19
4732,"Scrapping of cess & new exploration policy may boost stocks of oil companies like ONGC, Oil India","{""ONGC"": ""positive"", ""Oil India"": ""positive""}",17
4768,"D-Street hit by downgrades in oil & gas sector; brokerages cut GAIL, ONGC target price","{""GAIL"": ""negative"", ""ONGC"": ""negative"", ""oil & gas sector"": ""negative""}",15
4769,Exposure increased to oil and gas space; look at energy sector more favourably: David Pezarkar,"{""energy sector"": ""positive"", ""oil and gas space"": ""negative""}",15
4770,"HPCL, BPCL, IOC rally even as global crude oil prices on the boil, rupee declines","{""HPCL"": ""positive"", ""BPCL"": ""positive"", ""IOC"": ""positive"", ""global crude oil"": ""positive"", ""rupee"": ""negative""}",15
4771,"HPCL, BPCL, IOC, ONGC, OIL can rally up to 22% in next 12 months: Brokerages","{""HPCL"": ""positive"", ""BPCL"": ""positive"", ""IOC"": ""positive"", ""ONGC"": ""positive"", ""OIL"": ""positive""}",15
4824,"Oil, power & transportation will form market bulwark in coming years: Ajay Bodke","{""Oil"": ""positive"", ""power & transportation"": ""positive""}",13
4844,"Futures and Options' turnover plummets to 2 year low, Sensex slips 33 points","{""Sensex"": ""negative"", ""Futures and Options"": ""negative""}",13
4863,Essar Oil stock more than doubles in a year; LIC big gainer,"{""Essar Oil"": ""positive"", ""LIC"": ""positive""}",12
4869,"Hopes of kerosene, LPG price hike fuel gains in oil, gas stocks","{""oil"": ""positive"", ""gas stocks"": ""positive""}",12
4871,"IOC up nearly 6% as EGoM okays share sale to ONGC, OIL","{""IOC"": ""positive"", ""ONGC"": ""neutral"", ""OIL"": ""neutral""}",12
4880,"Auto, banking cos down over 7% on interest rate, fuel hike fears","{""Auto"": ""negative"", ""banking cos"": ""negative""}",12
4885,"Cairn India, ONGC, and Oil India shares fall with global crude crash","{""Cairn India"": ""negative"", ""ONGC"": ""negative"", ""Oil India"": ""negative""}",12
4900,"IOC, HPCL, BPCL rally on last week's petrol & diesel price hike","{""IOC"": ""positive"", ""HPCL"": ""positive"", ""BPCL"": ""positive""}",12
4905,OMCs & aviation to get boost from crude's price performance: Networth Broking,"{""OMCs"": ""positive"", ""aviation"": ""positive"", ""Networth Broking"": ""neutral""}",12
4907,"ONGC, Oil India valuations near historic lows: Are they a compelling buy?","{""ONGC"": ""neutral"", ""Oil India"": ""neutral""}",12
4911,"Positive on oil and gas stocks: Sadanand Shetty, Taurus Asset Management Company","{""oil and gas stocks"": ""positive"", ""Taurus Asset Management Company"": ""neutral""}",12
4917,S.Korean shares up as energy counters rally on oil rebound; won slips,"{""S.Korean shares"": ""positive"", ""energy"": ""positive"", ""won"": ""negative""}",12
4948,"Upbeat China PMI boosts Asia equities, Aussie; oil up on Iraq","{""Asia equities"": ""positive"", ""Aussie"": ""positive"", ""oil"": ""positive""}",11
4997,"RIL, oil PSUs could contribute to markets inching higher: Deven Choksey","{""RIL"": ""positive"", ""oil PSUs"": ""positive""}",11
5000,"Saudi Arabia, Egypt fall as US oil hits fresh 6-1/2-year low","{""US oil"": ""negative""}",11
5019,10-year bond yield slips to 8.17% as oil falls further,"{""10-year bond"": ""positive"", ""oil"": ""negative""}",10
5021,"Asian markets retreat, oil near 3-month high on Iraq concerns","{""oil"": ""positive"", ""Asian markets"": ""negative""}",10
5025,"Brent slips below $105, Iraq oil output steady amid conflict","{""Brent"": ""negative"", ""Iraq oil"": ""neutral""}",10
5076,"Essar Oil, Essar Ports crack as promoters deny delisting plans","{""Essar Oil"": ""negative"", ""Essar Ports"": ""negative""}",10
5077,Upbeat China PMI boosts Asian stocks; oil firm on Iraq,"{""Asian stocks"": ""positive"", ""oil"": ""neutral""}",10
5085,"Gloomy French data hits European stocks, Iraq keeps oil high","{""oil"": ""positive"", ""European stocks"": ""negative""}",10
5106,"ONGC, Oil India rise on new subsidy sharing proposal report","{""ONGC"": ""positive"", ""Oil India"": ""positive""}",10
5140,"Stocks, oil flounder on growth anxiety; China data little help","{""Stocks"": ""negative"", ""oil"": ""negative""}",10
5148,Asian currencies firm; ringgit falls on weak oil demand,"{""ringgit"": ""negative"", ""Asian currencies"": ""neutral""}",9
5152,Brent drops towards $107; strong dollar overshadows global tensions,"{""dollar"": ""positive"", ""Brent"": ""negative""}",9
5168,"IOC, HPCL, BPCL gain on hike in fuel price","{""IOC"": ""positive"", ""HPCL"": ""positive"", ""BPCL"": ""positive""}",9
5230,Adequate stocks drag down mentha oil futures 0.53%,"{""mentha oil futures"": ""negative""}",8
5232,"Asia shares stumble, oil skids to 27-month lows","{""Asia shares"": ""negative"", ""oil"": ""negative""}",8
5270,Prefer BPCL among oil marketing companies: Gaurang Shah,"{""BPCL"": ""positive""}",8
5275,"Russia's rouble weaker on Monday, oil outweighs taxes","{""rouble"": ""negative"", ""oil"": ""negative""}",8
5319,FTSE rises; BP leads energy stocks higher,"{""FTSE"": ""positive"", ""BP"": ""positive"", ""energy stocks"": ""positive""}",7
5406,OPEC vs Shale: The big debate,"{""OPEC"": ""neutral"", ""Shale"": ""neutral""}",6
5410,$50 oil is already here,"{""oil"": ""neutral""}",5
5444,HSBC holds oil at $60,"{""HSBC"": ""neutral"", ""oil"": ""neutral""}",5
5461,Benefits of trading in commodity futures,"{""commodity futures"": ""neutral""}",6
5493,Ample crude supplies until mid-2016: IEA chief,"{""crude"": ""neutral"", ""IEA"": ""neutral""}",7
5603,Oil prices mixed after Saudi king death,"{""Oil"": ""neutral""}",7
5604,Oil prices mixed ahead of OPEC meeting,"{""Oil"": ""neutral"", ""OPEC"": ""neutral""}",7
5668,Which direction is crude oil heading to?,"{""crude oil"": ""neutral""}",7
5826,"MSCI launches low-carbon emission, fossil fuel reserve indices","{""MSCI"": ""neutral""}",8
5849,Oil prices mixed ahead of US stockpiles report,"{""Oil"": ""neutral""}",8
5850,Oil steadies around $107 after Iran talks extended,"{""Oil"": ""neutral""}",8
6021,"Dollar firm vs commodity currencies, eyes on oil prices","{""Dollar"": ""neutral"", ""oil"": ""neutral"", ""commodity currencies"": ""neutral""}",9
6121,Oil price forecasts: BofA Merrill cuts 2016 Brent forecast,"{""Oil"": ""neutral"", ""BofA Merrill"": ""neutral""}",9
6124,OPEC Secy-Gen says low oil price will not continue,"{""OPEC"": ""neutral""}",9
6260,Diesel ban: How apex courts decision will impact India Inc,"{""India Inc"": ""neutral"", ""Diesel"": ""neutral""}",10
6431,What happening in the oil market right now is 'unprecedented',"{""oil"": ""neutral""}",10
6513,Government selects 5 bankers to manage Indian Oil Corporation stake sale,"{""Indian Oil Corporation"": ""neutral""}",11
6586,Reduction in diesel prices will not be taken negatively: Ajay Bodke,"{""diesel"": ""neutral""}",11
6616,Spike in crude & gold trade on NCDEX under FMC lens,"{""crude"": ""neutral"", ""gold"": ""neutral"", ""NCDEX"": ""neutral""}",11
6634,Will add ONGC to portfolio on diesel deregulation prospects: Deepak Shenoy,"{""ONGC"": ""neutral"", ""diesel"": ""neutral""}",11
6647,Brent could be headed towards $80 a barrel in near term: Trend-Wise,"{""Brent"": ""neutral""}",12
6648,Brent holds steady above $105 on geopolitical tension ahead of inventory data,"{""Brent"": ""neutral""}",12
6691,IGL won't reap immediate benefits from shift to cleaner fuel: Deven Choksey,"{""IGL"": ""neutral""}",12
6723,Oil companies to give mixed results for the fourth quarter of FY13,"{""Oil companies"": ""neutral""}",12
6734,"Readers view: Near $40/bbl, but crude oil prices yet to see bottom","{""crude oil"": ""neutral""}",12
6758,"Union Budget 2012-13: Power cos trading mixed on ECB, fuel supply decision","{""Power cos"": ""neutral""}",12
6793,Gulf stock markets may consolidate after dull week; oil price gains too small,"{""Gulf stock"": ""neutral"", ""oil"": ""neutral""}",13
6814,Oil prices mixed in Asian trade as dealers await fresh US economic data,"{""Oil"": ""neutral""}",13
6917,"Interim Budget 2014: Oil subsidy payments postponed to next fiscal, investors should keep a watch on lowering of subsidies","{""Oil"": ""neutral""}",19
6954,Oil-led margin growth begins aiding earnings,"{""Oil-led"": ""positive""}",6
7055,Brent firms above $108 on Ukraine tensions,"{""Brent"": ""positive""}",7
7107,Improving US buyer confidence lifts crude oil,"{""crude oil"": ""positive""}",7
7156,Rouble continues gains as oil price firms,"{""Rouble"": ""positive"", ""oil"": ""positive""}",7
7193,$40 oil could be a game-changer for Russia,"{""oil"": ""positive"", ""Russia"": ""positive""}",8
7234,China data pushes Brent to 106.55 per barrel,"{""Brent"": ""positive""}",8
7302,Monnet Ispat & Energy raises Rs 175 crore,"{""Monnet Ispat & Energy"": ""positive""}",8
7314,Oil marketing companies are clear buys: Manish Sonthalia,"{""Oil marketing companies"": ""positive""}",8
7315,Oil&gas stocks surge as government hikes fuel prices,"{""Oil&gas"": ""positive""}",8
7316,Oil&Gas stocks up 2 per cent on BSE,"{""Oil&Gas"": ""positive""}",8
7332,Prospect good for oil marketing cos: Ketan Kharkhanis,"{""oil marketing cos"": ""positive""}",8
7434,Brent near 9-month top above $115 on Iraq tensions,"{""Brent"": ""positive""}",9
7487,Essar Oil gets shareholder nod for acquiring Vadinar Power,"{""Essar Oil"": ""positive"", ""Vadinar Power"": ""positive""}",9
7550,JSW Energy quarterly profit soars to Rs 214 crore,"{""JSW Energy"": ""positive""}",9
7564,Lower fuel subsidy lifts ONGC Q3 profit 23 pc,"{""ONGC"": ""positive""}",9
7570,Marine fuel premium jumps to more than 9-month high,"{""Marine fuel"": ""positive""}",9
7598,"Oil at three-month high on Iraq anxiety, stocks steady","{""Oil"": ""positive""}",9
7599,OIL October-quarter net up 4% at Rs 902.96 crore,"{""OIL"": ""positive""}",9
7713,Airline stocks take off on cut in jet fuel prices,"{""Airline stocks"": ""positive""}",10
7739,BGR Energy Systems reports 100 per cent growth on PAT,"{""BGR Energy Systems"": ""positive""}",10
7747,Brent recovers above $85 after biggest fall in three years,"{""Brent"": ""positive""}",10
7791,Egypt unrest may fuel rally in oil & gas stocks,"{""oil"": ""positive"", ""gas"": ""positive""}",10
7810,"GAIL, Petronet to buy in oil marketing stocks: Pankaj Pandey","{""GAIL"": ""positive"", ""Petronet"": ""positive""}",10
7917,"OMCs may cut petrol, diesel price in November; stocks gain","{""OMC"": ""positive""}",10
7970,Softer oil prices boost expectations of an earnings growth recovery,"{""oil"": ""positive""}",10
8015,"Zinc futures up 0.55 pc on overseas cues, spot demand","{""Zinc"": ""positive""}",10
8037,BofA Merrill Lynch bullish on energy sector as oil price steadies,"{""energy sector"": ""positive"", ""BofA Merrill Lynch"": ""neutral""}",11
8043,Buying opportunities may emerge in Asian oil and gas space: Macquarie,"{""Asian oil and gas space"": ""positive"", ""Macquarie"": ""neutral""}",11
8101,Hike in LPG and diesel to reduce subsidy bill: UR Bhat,"{""LPG"": ""positive"", ""diesel"": ""positive""}",11
8140,Kirloskar Oil Engines Q1 profit jumps 35% to Rs 52.89 crore,"{""Kirloskar Oil Engines"": ""positive""}",11
8173,Oil's 45% rebound could be testing nerves of markets and policymakers,"{""Oil"": ""positive""}",11
8189,"Q1 numbers, crude oulook, midcap rally lifting tyre stocks: Harendra Kumar","{""tyre stocks"": ""positive""}",11
8280,BPCL is the best bet among the oil marketing stocks: Gaurang Shah,"{""BPCL"": ""positive""}",12
8306,"Diesel decontrol, crude price fall likely to give major boost to IOC","{""IOC"": ""positive""}",12
8337,IEA sees much higher demand for OPEC oil for rest of 2014,"{""OPEC oil"": ""positive""}",12
8379,Oil jumps 3 per cent to $63 as energy firms slash investments,"{""Oil"": ""positive""}",12
8380,OMCs pullback on hopes of no fuel price cut in near term,"{""OMCs"": ""positive""}",12
8383,OPEC price plan may be the first step towards $70 oil floor,"{""OPEC"": ""positive""}",12
8400,Rebound in global oil prices perk up investor interest in support companies,"{""oil"": ""positive""}",12
8425,Things to get better for oil space after government reforms: Prateek Agarwal,"{""oil space"": ""positive""}",12
8497,Jaypee Group stocks rally over 12% on power plant deal with JSW Energy,"{""Jaypee Group"": ""positive"", ""JSW Energy"": ""neutral""}",13
8557,Chennai Petroleum net profit jumps over seven-fold at Rs 364 crore for fourth quarter,"{""Chennai Petroleum"": ""positive""}",14
8787,Airlines down on jet fuel price hike,"{""Airlines"": ""negative""}",7
8803,Brent slips near $110 after Ukraine election,"{""Brent"": ""negative""}",7
8824,Crude rout slams stocks; safe-haven assets sought,"{""Crude rout"": ""negative""}",7
8846,"Growth worries grip stock markets, crude oil","{""stock"": ""negative""}",7
8888,Oil slips below $86 on global over-supply,"{""Oil"": ""negative""}",7
8892,OPEC decision knocks oil down; dollar gains,"{""dollar"": ""positive"", ""oil"": ""negative"", ""OPEC"": ""neutral""}",7
8943,Zinc futures soften 0.67% on global cues,"{""Zinc"": ""negative""}",7
8967,Blended fuel could add to pressure on cane,"{""cane"": ""negative"", ""Blended fuel"": ""neutral""}",8
8972,"Brent below $92 on weaker dollar, Cushing draw","{""Brent"": ""negative"", ""dollar"": ""negative""}",8
8973,Brent falls after Chinese data; stays below $101,"{""Brent"": ""negative""}",8
8991,Crude oil futures down on weak Asian cues,"{""Crude oil"": ""negative""}",8
8992,Crude oil futures fall 0.49% on Asian cues,"{""Crude oil"": ""negative""}",8
9012,"European stocks slide on lower oil prices, Greece","{""European stocks"": ""negative"", ""oil"": ""negative""}",8
9076,Oil prices down ahead of US stockpiles report,"{""Oil"": ""negative""}",8
9077,Oil prices fall after OPEC keeps production high,"{""Oil"": ""negative"", ""OPEC"": ""neutral""}",8
9078,"Oil prices fall, stumbling emerging markets dent outlook","{""Oil"": ""negative""}",8
9079,Oil prices slide in poor start to week,"{""Oil"": ""negative""}",8
9080,Oil slips towards $110 as supply fears fade,"{""Oil"": ""negative""}",8
9081,OPEC does little as Brent drops under $75/bbl,"{""Brent"": ""negative"", ""OPEC"": ""neutral""}",8
9117,Speculators cut Brent long holding for third week,"{""Brent"": ""negative""}",8
9137,US crude hits five-year low on market rout,"{""US crude"": ""negative""}",8
9178,"Brent climbs towards $101, pulls away from 16-month low","{""Brent"": ""negative""}",9
9179,Brent drops below $87 as Fed optimism lifts dollar,"{""Brent"": ""negative""}",9
9180,Brent falls close to $69 after Saudi price cut,"{""Brent"": ""negative""}",9
9181,Brent near 13-month low below $103 on brisk supplies,"{""Brent"": ""negative""}",9
9182,"Brent steady under $109, set for second weekly loss","{""B"": ""negative""}",9
9222,"Falling crude prices may adversely impact India, global markets","{""crude"": ""negative""}",9
9226,"Gains in crude oil limited, investors weigh QE3 impact","{""crude oil"": ""negative""}",9
9245,Investors dump higher oil bets as prices fall: IntercontinentalExchange,"{""oil"": ""negative"", ""IntercontinentalExchange"": ""neutral""}",9
9292,Oil hits two-year low; dollar rises ahead of Fed,"{""dollar"": ""positive"", ""Oil"": ""negative""}",9
9293,Oil prices plunge after OPEC decides against output cut,"{""Oil"": ""negative"", ""OPEC"": ""neutral""}",9
9336,"Silver futures down 1.16% on profit-booking, weak global cues","{""Silver"": ""negative""}",9
9348,Steady supply keeps Brent oil below $100 a barrel,"{""Brent oil"": ""negative""}",9
9371,10-year bond yield eases tracking fall in global oil prices,"{""10-year bond"": ""negative"", ""oil"": ""negative""}",10
9386,Aviation turbine fuel: Dollar hits where it hurts the most,"{""Aviation turbine fuel"": ""negative""}",10
9391,"Bond yields edge down at open, tracking oil, US peers","{""Bond"": ""negative""}",10
9393,Brent crude drops below $98; weak demand outweighs geopolitical worries,"{""Brent"": ""negative""}",10
9394,"Brent falls towards $85 amid supply glut, lower price forecasts","{""Brent"": ""negative""}",10
9395,Brent slips below $72 after sharp rally in volatile market,"{""Brent"": ""negative""}",10
9429,Energy shares drag on Wall Street as crude prices fall,"{""crude"": ""negative""}",10
9430,"Essar Oil slumps 6.4 per cent, below delisting floor price","{""Essar Oil"": ""negative""}",10
9444,"Global oil prices slide, rout undeterred by US jobs data","{""oil"": ""negative""}",10
9522,"Oil dives to new depths, rush to safety aids yen","{""Oil"": ""negative""}",10
9613,Brent crude oil slips towards $92 on weak German industrial data,"{""Brent crude oil"": ""negative""}",11
9614,"Brent falls below $103 on higher Libyan output, lower geopolitical risk","{""Brent"": ""negative""}",11
9635,Disturbance in Saudi oil space can cause market fall: Ambit Capital,"{""market"": ""negative""}",11
9658,Fuel & debt woes may blow out power company stocks gains,"{""power company"": ""negative""}",11
9730,Oil prices at a 13-month low; slips to $102 per barrel,"{""Oil"": ""negative""}",11
9787,"US oil dives below $100 on Kansas refinery outage, equity drop","{""US oil"": ""negative""}",11
9790,VW hits 4-year low as diesel emissions fallout spreads to France,"{""VW"": ""negative""}",11
9807,"As oil slides fast to near 7-year low, crude options stay calm","{""oil"": ""negative""}",12
9814,Brent's premium to Dubai crude falls to lowest in nearly 4 years,"{""Brent"": ""negative""}",12
9821,Crash in crude prices:  Sectors and stocks that will be affected,"{""crude"": ""negative""}",12
9845,Hedge funds give up betting on oil as prices continue to tumble,"{""oil"": ""negative""}",12
9887,S Korean shares fall to 5-week low on oil plunge; won firmer,"{""S Korean shares"": ""negative""}",12
9947,"Brent falls to 27-month low, under $91 on global growth, oil glut concerns","{""Brent"": ""negative""}",13
9948,Brent's premium to Dubai crude falls to lowest in more than 3 months,"{""Brent"": ""negative""}",13
9949,"Bulls run for cover: Sensex plunges over 860 points on oil, Greece concerns","{""Sensex"": ""negative""}",13
9957,Do not recommend entering in oil marketing space at this level: Phani Sekhar,"{""oil marketing space"": ""negative""}",13
9973,Iran drops crude price to 3-year low in fight for Asia market share,"{""crude"": ""negative""}",13
10005,Sovereign wealth funds sell chunk of Indian stocks; oil-rich countries among top sellers,"{""Indian stocks"": ""negative""}",13
10032,Crude likely to fall to $60 a barrel in near to medium term: Experts,"{""Crude"": ""negative""}",14
10041,Feels like 1986: Oil on track for longest weekly losing streak in 29 years,"{""Oil"": ""negative""}",14
10109,Goldman Sachs thinks oil prices could fall another 50% as the market spends another year sorting itself out,"{""oil"": ""negative"", ""Goldman Sachs"": ""neutral""}",18
10120,Current surge in fuel prices not enough to reassure investment in oil and gas space: Hemindra Hazari,"{""oil"": ""neutral"", ""gas space"": ""neutral""}",17
10124,Upside left in oil PSUs; infra and engineering stocks need to justify their current pricing: IV Subramaniam,"{""oil PSUs"": ""positive"", ""infra"": ""neutral"", ""engineering stocks"": ""neutral""}",17
10129,"Even after the dream run, PSU oil companies like BPCL, HPCL, others have much upside left","{""BPCL"": ""positive"", ""HPCL"": ""positive""}",16
10130,"IGL zooms 12%, GAIL hits 52-week high even as oil ministry cuts CNG price by 30%","{""IGL"": ""positive"", ""GAIL"": ""positive""}",16
10137,"Subsidy phase-out will drive further upside in oil & gas stocks: Deven Choksey, KR Choksey Sec","{""oil & gas stocks"": ""positive"", ""KR Choksey Sec"": ""neutral""}",16
10142,"ONGC, Oil India slip as Oil Ministry proposes higher gas price on extra output only","{""ONGC"": ""positive"", ""Oil India"": ""positive""}",15
10151,"Need to be patient while investing in oil and gas stocks: IV Subramaniam, Quantum AMC","{""oil and gas stocks"": ""positive"", ""Quantum AMC"": ""neutral""}",15
10155,"Sensex, Nifty @ life high on rate cut hopes, crude; top 10 stocks in focus","{""Sensex"": ""positive"", ""Nifty"": ""positive""}",15
10163,"Metals, oil and gas to lead earnings downgrade this quarter: Prashasta Seth, IIFL AMC","{""Metals"": ""negative"", ""oil and gas"": ""negative"", ""IIFL AMC"": ""neutral""}",14
10177,"Gilts, IRF soar on receding inflationary pressures, falling crude, ease of trading in futures","{""Gilts"": ""positive"", ""IRF"": ""positive""}",14
10178,"Good opportunity to buy Reliance, ONGC and Oil India at lower levels: Deven Choksey","{""Reliance"": ""positive"", ""ONGC"": ""positive"", ""Oil India"": ""positive""}",14
10189,"Petrol, diesel prices hiked again, but OMC stocks remain subdued; IOC, HPCL in red","{""OMC stocks"": ""negative"", ""IOC"": ""negative"", ""HPCL"": ""negative""}",14
10194,"SpiceJet, Jet Airways jump up to 7 per cent on aviation fuel price cut","{""SpiceJet"": ""positive"", ""Jet Airways"": ""positive""}",14
10234,"Private banks, power, oil & gas, auto, tourism to outperform in 2015: Emkay","{""Private banks"": ""positive"", ""power"": ""positive"", ""oil & gas"": ""positive"", ""auto"": ""positive"", ""tourism"": ""positive""}",13
10238,"Returns are high in Fin Tech, BGR Energy, HFCL Infotel stocks: Deepak Mohoni","{""Fin Tech"": ""positive"", ""BGR Energy"": ""positive"", ""HFCL Infotel"": ""positive""}",13
10259,"Avoid PSU oil & gas space altogether: Mehraboon Irani, Nirmal Bang Securities","{""PSU oil & gas space"": ""negative"", ""Nirmal Bang Securities"": ""neutral""}",12
10260,"Banking, energy and FMCG stocks may push Nifty towards 6650-6700: Mitesh Thacker","{""Banking"": ""positive"", ""energy"": ""positive"", ""FMCG stocks"": ""positive"", ""Nifty"": ""neutral""}",12
10263,"BPCL, HPCL in red on fuel price cut, rise in global prices","{""BPCL"": ""negative"", ""HPCL"": ""negative""}",12
10295,"Play renewable energy theme indirectly with Elecon Engg, Shanti Gears: Parag Thakkar","{""Elecon Engg"": ""positive"", ""Shanti Gears"": ""positive""}",12
10309,"Ukraine crisis over? Oil marketing companies gain as rupee appreciates, crude slips","{""Oil marketing companies"": ""positive"", ""rupee"": ""positive"", ""crude"": ""negative""}",12
10311,US stocks: Wall Street ends down 5th session; oil prices fall further,"{""Wall Street"": ""negative"", ""oil"": ""negative""}",12
10330,"Cess may impact EPS of Oil India, ONGC, Cairn: Prabhudas Lilladher","{""Oil India"": ""negative"", ""ONGC"": ""negative"", ""Cairn"": ""negative""}",11
10369,"Rupee, rupiah lead Asia FX losses as Iraq tension boosts oil","{""oil"": ""positive"", ""Rupee"": ""negative"", ""rupiah"": ""negative""}",11
10371,"S.Korean shares, won fall on slumping oil, soft China trade data","{""S.Korean shares"": ""negative"", ""won"": ""negative"", ""oil"": ""negative""}",11
10392,10-year bonds hit over 13-month high; fall in crude helps,"{""10-year bonds"": ""positive"", ""crude"": ""negative""}",10
10402,"Brent oil dips below $102 on demand fears, strong dollar","{""dollar"": ""positive"", ""Brent oil"": ""negative""}",10
10404,Energy stocks rise as Syria fears push up oil price,"{""Energy stocks"": ""positive"", ""oil"": ""positive""}",10
10415,"Oil,banking stocks good bet among large cap names: Deven Choksey","{""Oil"": ""positive"", ""banking stocks"": ""positive""}",10
10417,"Price hike to fuel follow-on public offer for ONGC, IOC","{""ONGC"": ""positive"", ""IOC"": ""positive""}",10
10454,"Gloomy French data hits European shares, Iraq keeps oil high","{""oil"": ""positive"", ""European shares"": ""negative""}",10
10455,"Gloomy French data hits European stocks, Iraq keeps oil high","{""oil"": ""positive"", ""European stocks"": ""negative""}",10
10456,"Great Eastern Energy, Shemaroo IPOs among five cleared by Sebi","{""Great Eastern Energy"": ""neutral"", ""Shemaroo"": ""neutral"", ""Sebi"": ""neutral""}",10
10476,"Nikkei falls on Greece worries, weak oil prices; Sony surges","{""Sony"": ""positive"", ""Nikkei"": ""negative"", ""oil"": ""negative""}",10
10495,"Sensex opens in red, oil & gas, FMCG, tech decline","{""Sensex"": ""negative"", ""oil & gas"": ""negative"", ""FMCG"": ""negative"", ""tech"": ""negative""}",10
10509,Strong U.S. housing data hurts Asia FX; Oil hits ringgit,"{""Asia FX"": ""negative"", ""Oil"": ""negative""}",10
10512,"Telecom, power, oil sectors most vulnerable to policy risks: Study","{""Telecom"": ""negative"", ""power"": ""negative"", ""oil sectors"": ""negative""}",10
10548,"Gold and silver down as oil retreats, hit sell-stops","{""Gold"": ""negative"", ""silver"": ""negative"", ""oil"": ""negative""}",9
10578,Rouble drops against dollar as oil price slumps again,"{""dollar"": ""positive"", ""Rouble"": ""negative"", ""oil"": ""negative""}",9
10599,"Asian markets edge lower, supply concerns keep oil down","{""Asian markets"": ""negative"", ""oil"": ""negative""}",9
10600,Australia shares fall as oil slump wallops energy stocks,"{""Australia shares"": ""negative"", ""oil"": ""negative""}",9
10608,Falling crude prices spook Asian shares; Nikkei tanks 1.4%,"{""crude"": ""negative"", ""Asian shares"": ""negative"", ""Nikkei"": ""negative""}",9
10662,"Jet Airways, SpiceJet surge after fuel price cut","{""Jet Airways"": ""positive"", ""SpiceJet"": ""positive""}",8
10681,"Global oil worries, rupeee fall weigh on stocks","{""oil"": ""negative"", ""rupee"": ""negative""}",8
10724,"Asian shares edge higher, oil nurses losses","{""Asian shares"": ""positive"", ""oil"": ""negative""}",7
10735,"Oil, global markets may weigh on Gulf","{""Oil"": ""neutral"", ""Gulf"": ""neutral""}",7
10753,Australia shares flat; energy drags,"{""Australia shares"": ""neutral"", ""energy"": ""neutral""}",5